cleaned,label,label_libr,status
kemaren ribut bbm tambah etanol gilir bobibos puja abis an kalian bahan bakar nabati etanol tinggi,Negatif,Negatif,Benar
bbm nabati etanol gak mungkin guna murni bbm nabati guna murni masuk kategori butanol pentanol produksi butanol pentanol sangat langka mahal,Negatif,Negatif,Benar
pak sjafrie ajak perlu sibuk etanol hapus subsidi bbm buat sulit administrasi lpg buat rakyat derita lbh penting isi otak wewenang manfaat banyak ilegal tambang bala hutan,Negatif,Negatif,Benar
mau pakai bobibos etanol apa penting gantung sama bbm konvensional kalau enggak kasihan warga daerah kayak gin,Negatif,Negatif,Benar
bbm murni campur etanol mending isi bbm spbu shell aman motor mobil,Negatif,Positif,Salah
regulatory capture in slow motion batas kuota impor bbm swasta paksa etanol pasar sengaja sempit ini wajah regulatory capture era baru hak konsumen pilih bbm sesuai spesifikasi mesin redam prinsip saing sehat pasar,Negatif,Negatif,Benar
bbm etanol akhir swasta suruh jual bbm kualitas sampah,Negatif,Negatif,Benar
ratus mahasiswa kalsel protes kait masalah bbm campur etanol rusak motor desak wakil rakyat tindak via,Negatif,Negatif,Benar
mahasiswa kalsel protes masalah motor brebet duga akibat bbm campur etanol,Negatif,Negatif,Benar
cepet rusak lho bbm oplos etanol,Negatif,Negatif,Benar
kasi mesin kereta ae rusak gegara bbm campur etanol,Negatif,Negatif,Benar
maksud sekarang soal bbm etanol padahal pertamina jelek tingkat percaya publik wajib beli bbm mentah bbm swasta malah mati bisnis bbm swasta monopoli pertamina,Negatif,Negatif,Benar
dalam ilustrasimy jelas sesuai motor balap mesin baru cc motor motor model lama sesuai bbm etanol fakta lapang mesin model lama alami kendala menngunakan bbm etanol,Negatif,Negatif,Benar
campur etanol mungkin air wkwkwk biadab kerja bisnis rugi esdm ribet bobibos murid petronas malay jual bbm lebih murah qualified untung banyak bagi profit bakar mercedes amg petronas f buat global branding kalah telak,Negatif,Negatif,Benar
pertamina pgen pegang kendali monopoli import minyak swasta satu importir jelek bbm pertamina oplos etanol protes pihak spbu swasta krna swasta import bbm murni campur etanol etanol turun kerja mesin,Negatif,Negatif,Benar
lapor pak presiden mau tanya perintah mau ribut lawan rakyat banyak berita konyol negeri jangan rakyat gerak batal baik perintah marah batal bbm wajib etanol revisi hap baru,Negatif,Negatif,Benar
taun rame etanol aku pake mobil sama motor campur bbm exist hasil memang gak cocok buat spek sini perlu ubah signifikan macam konverter jenis gak error sensor mesin,Negatif,Negatif,Benar
bbm kandung etanol baik langsung guna kl kendara lama parkir garasi justru bahaya mesin,Negatif,Negatif,Benar
etanol bbm sifat higroskopis serap uap air udara tangki penuh bahan bakar simpan lama sebab akumulasi air potensi picu pisah fase phase separation air etanol pisah bensin,Negatif,Negatif,Benar
gilir tehmologinya paten negara baru bakar jenggot menteri malah ngotot pingin campur bbm etanol temu bahan baku ramah lingkung mudah dapat untung ganda tani sulit memang ruwetnesia,Negatif,Positif,Salah
mohon maaf pak bukana etanol lewih boros banding bbm biasa kemudian kendara indonesia ramah etanol,Negatif,Negatif,Benar
gimana cara obyektif ngecek kualitas bbm sendiri lab mahal banyak bilang sekarang lebih boros beli base fuel pertamina apa etanol sulfur faktor psikologis gara gara gak suka pertamina bijak,Negatif,Negatif,Benar
kandung bobibos kandung etanol soal masyarakat pernah kritik rencana gabung etanol bbm,Negatif,Negatif,Benar
tahu apa ikhlas lul rakyat beli bbm pernah ngutang kasih oplos pertalite campur etanol beli dipajakin negara kurang ikhlas apa kpd perintah kalau minum alkohol ngk usah bicara ikhlas lul,Negatif,Negatif,Benar
emank iya wong bbm campur etanol forma se optimal bbm fosil kalah jauh mau sama bbm fosil campur susah,Negatif,Negatif,Benar
apa harap bbm etanol ruska lama lama mesin mu,Negatif,Negatif,Benar
engine kendara jaman now ngga disiapin guna bbm etanol bbrp merek pabrikan malah jelas kasih ingat buku manual kendara guna bbm etanol,Negatif,Negatif,Benar
preet bilang doa betah lama masjid lahh kerja bikin negara ribut ja soal bbm etanol rencana ja bnyak motor mbrebet mlah kualitas bbm pertamina cap tai bobibos msti legal dulu laah entut beruut,Negatif,Negatif,Benar
licik jahat bbm oplos etanol sela sela ber korupsi normal kalau bbm jenis jenis kalau bisnis jangan orang perintah jual sayur jual bakso,Negatif,Negatif,Benar
butuh snack butuh bbm bukan campur etanol mau tipu,Negatif,Negatif,Benar
menteri esdm dorong legal negara punya perangkat lengkap serta ahli proses sebut anyway tolol dpt berapa rupiah per liter bbm import oplos etanol getol banget ngebet pake etanol,Negatif,Negatif,Benar
masalah campur etanol bbm indonesia rusak mesin prindapan ama indonesia,Negatif,Negatif,Benar
anjing bangsat setan monyet babi fuck fuck bbm kamu campur etanol harga turunin gblk udah etanol cepet uap bbm cepet abis harga bbm segitu bangsat mo pake swasta tutup semuaaa mati kamu mati,Negatif,Negatif,Benar
fakta kaum dungu justru ngamuk biofuel etanol campur bbm pdahal hnya banding bbm bobibos kadar biofuel murni,Negatif,Negatif,Benar
teliti bagus diterapin semua kondisi contoh beberapa motor indonesia emang masuk etanol statement aku awal aku dukung etanol wkwk aku tanya bbm nabati,Negatif,Negatif,Benar
keluar baru bukan kendara lama opsi sedia bbm non etanol jangan wajib semua etanol kasihan motor support etanol,Negatif,Negatif,Benar
sendiri mau ngoplos bbm pake etanol uji dulu maen campur ngoplos miras,Negatif,Negatif,Benar
enak campur etanol babibubebo langsung besok warga temu bbm bagus malah sulit hypocrite at its finest,Negatif,Negatif,Benar
gatau mslh etanol an isu etanol muncul sejak ngoceh buat mecah konsen rakyat kalau org indo swasta mau mnyediakan bbm murah kualitas hrsnya dpt respon positif ngapain pake barang prtamini oplos semua,Negatif,Negatif,Benar
sobat essentials campur etanol bbm kurang kandung energi bahan bakar potensi lebih boros bensin risiko korosi mesin kendara etanol sifat serap air lengkap,Negatif,Negatif,Benar
bajing bbm etanol uji udah edar bangsat,Negatif,Negatif,Benar
jahanam bbm campur etanol kau legal emisi kau jegal laknat,Negatif,Negatif,Benar
makanya kalau nyuruh pertamina ubah spesifikasi bbm jangan langsung turut suruh koordinasi dulu sama menteri industri spesifikasi industri otomotif sesuai dulu etanol sifat korosif kalau spek motor gak sesuai rusak,Negatif,Negatif,Benar
situ nyampur etanol bbm sekarang pake uji bulan dulu kagak uji kendara cek kendara edar support guna etanol apa kaga,Negatif,Negatif,Benar
woy komitmen kalian cuman lip service negara orang percaya bbm oplos sama etanol,Negatif,Negatif,Benar
kata bbm karya anak bangsa bahan ramah lingkung banyak rakyat dukung jelas etanol murni dukung kemaren sampe protes keras perintah campur etanol padahal bom realisasi gajelas banget orang indo tolol,Negatif,Negatif,Benar
berita banyak motor mbrebet gara bbm pake etanol,Negatif,Negatif,Benar
bbm campur etanol jenis kalau emang bbm gak cocok sama motor mbak makanya gitu,Negatif,Negatif,Benar
gada kerja rakyat kamu noh banyak racun bbm etanol demo kemaren ditangkep in,Negatif,Negatif,Benar
bangsatttt adik sayang kadek kalah gegara habis bbm udah bilangin tambah etanol lebih boros cepat habis bensin gimana rakyat mau sejahtera kl uang habis buat biaya transportasi,Negatif,Negatif,Benar
coba punya buku pandu h nda injeksi baca bbm campur etanol tinggi efek sebab cat tangki rusak sebab karat tank sebab kendara baik gamabr buku pandu resmi h nda,Negatif,Negatif,Benar
ngakuin kualitas bbm jlk susah bkn mslh etanol kualitas bbmnya,Negatif,Negatif,Benar
paksa beli bbm dlm negeri kualitas buruk rusak karet seal sekarang tiap minggu service kendara bbm etanol kira semua orang mampu service kendara tiap bulan dapat masyarakat jt bulan berapa tri malu,Negatif,Negatif,Benar
ngeles busi disalahin tolol pernah uji layak bbm etanol,Negatif,Negatif,Benar
mau cari cari sela korupsi bbm campur etanol cerdik licik koruptor normal bbm rakyat seluruh indonesia tahu,Negatif,Negatif,Benar
motor pake busi malah idup pak padahal pake bbm oplos etanol,Negatif,Negatif,Benar
sumber bahan nabati apa jelas biasa bahan nabati bbm sawit kelapa jarak sumber oleokimia denger denger limbah tani tani apa tahu curiga bioefuelnya upa etanol bahenol nabati,Negatif,Negatif,Benar
pertanyaanya simple punya alat kalau punya masalah kalau untung jual bbm buat apa dukung bbm pake etanol sempak merah,Negatif,Negatif,Benar
gigit pahit rasa korupsi tetes pelan hidung campur etanol air mata bbm naik beras impor busuk salam gigit jari balik buat kalian pimpin palsu nikmat rampas perang sekarang,Negatif,Negatif,Benar
pak menteri erti visi bapak gera masyarakat tanam singkong produksi etanol kurang gantung kpd bbm fosil perintah tetap harga beli singkong rp rakyat keluh harga rp kg,Negatif,Negatif,Benar
paksa beli bbm dlm negeri kualitas buruk rusak karet seal sekarang tiap minggu service kendara bbm etanol kira semua orang mampu service kendara tiap bulan dapat masyarakat jt bulan berapa tri malu,Negatif,Negatif,Benar
nebak indon bakal even nitpick he s a muslim bilang syiah syiah bukan islam like bfr yall otak kena kontaminasi bbm oplos etanol kerak,Negatif,Negatif,Benar
menteri energi somalia sekarang bikin ngeri sama ngeselin campur etanol bbm sampe bikin banyak motor orang brebet nyusahin iya ngeselin iya,Negatif,Negatif,Benar
bijak ngawur asal asal pikir akibat rakyat buat susah gara bbm campur etanol pertalite motor mogok deng gendeng,Negatif,Negatif,Benar
bbm campur etanol sebab karat tangki bensin motor utama etanol serap air picu korosi tangki logam risiko lebih tinggi motor lawas campur etanol tinggi guna bbm segar periksa tangki rutin cegah,Negatif,Negatif,Benar
bbm campur etanol bikin karat tank bbm motor,Negatif,Negatif,Benar
sekarang dya nikmat bisnis pertalite campur etanol ingredient lebih murah harus harga jual sama laba pasti lebih banyak efisiensi bbm kendara performa mesin jadi sangat boros,Negatif,Negatif,Benar
moga jodoh aku kak teknik kayak erlang bukan ngide ngoplos bbm pake etanol amin,Negatif,Negatif,Benar
bego org org marah karna bbm campur etanol emg anjinkss,Negatif,Negatif,Benar
knp spbu swasta rame tanya pertamina knp hancurin customer trust kamu peak bbm oplos kandung aer kandung etanol and wtf,Negatif,Negatif,Benar
be saing pertamina singkirin semua bikin bijak campur bbm etanol notabene sehat buat motor karbu lama ni orang bikin bijak pernah benar mulai gas lpg tambang sama sekarang bbm aneh bat tri kamu wok,Negatif,Negatif,Benar
percaya aku paling benci kasus literally semua orang gantung banget ama bbm motor sekarang sesuai ama bbm etanol pikir kemarin bakal baik tau malah lanjut motor suami kena gegara isi bbm pertamina,Negatif,Negatif,Benar
henti bbm campur etanol rakyat kasi enak,Negatif,Negatif,Benar
ajak turing naik motor trus isi bbm bareng campur etanol sebut lanjut rasa sendiri motor mogok sama sama jalan akibat etanol mesin motor,Negatif,Negatif,Benar
pertamina buka bengkel gratis motor brebet lucu arti udah tahu salah sama bbm bukan soal mesin motor soal bijak campur etanol paksa bbm makin hijau motor malah batuk batuk,Negatif,Negatif,Benar
padahal buku tunjuk kendara banyak larang bbm kandung etanol bilang nyari proyek tebu jagung singkong td udah siap pasok gede nanam skarang,Negatif,Negatif,Benar
kamu lihat berita ape gimana bang tempat aku banyak orang kena habis isi bbm motor langsung bunyi cek kandung bbm etanol punya hp searching napa,Negatif,Negatif,Benar
bikin bijak soal etanol gak masalah lama integrasi industri otomotif mesin motor indonesia siap spek bbm kemen esdm koordinasi kemenperin skrng mesin motor rusak sifat etanol korosif,Negatif,Negatif,Benar
cocok gak bijak buat motor indonesia ahli itb ethanol sifat higroskopis tingkat kadar air bensin makanya banyak ngeluh waktu ditab bensin air motor rusak,Negatif,Negatif,Benar
mungkin mungkin sebab utama etanol bbm kurang tenaga mesin sedikit energi lebih rendah jarang bikin hilang tenaga total tanjak lebih mungkin masalah mekanik rem jalan licin indonesia,Negatif,Negatif,Benar
pngn tahu etanol campur pertalite jdi sprti apa lha koq mlh campur air orang da paham kalau bbm campur air psti brebet,Negatif,Negatif,Benar
pecat bu kader orang benalu kader bunglon neng lompat partai asal dapet apa apa lumpat orang dukung suka nyampur bbm etanol,Negatif,Negatif,Benar
kalau pnybab boros etanol biang brebet kmungkinan besar ad aditif pakai u ningkatin performa bbm naikin oktan mkn riset dl aditif pakai sifat korosif thd tangki endap kerak tangki jdnya kotor lepas dna nyumbat salut bbm,Negatif,Negatif,Benar
ad mungkin bukan campur air etanol kak larut aditif pd bbm tsbt sifat korisif tangki bensin endap kerak pd tangki nyumbat salur injeksi,Negatif,Negatif,Benar
kalau jual bbm etanol meski harga naik yakin etanol gak laku cara pertamina monopoli pasar singkir saing trus naikin harga,Negatif,Negatif,Benar
kalau dar minta maaf kalau campur banyak kendara support gimana sekali kata maaf ucap bbm campur etanol percuma,Negatif,Negatif,Benar
ide bbm campur etanol,Negatif,Negatif,Benar
nah sbg konsumen brp persen kandung etanol pakai bbm pertamina kalau lebih arti pertamina buat curang kalau bijak soal etanol dipake swasta kurang kadar etanol,Negatif,Negatif,Benar
bagi besar kendara edar indo rancang sus bbm ber etanol masalah serius masiv masyarakat tengah bawah,Negatif,Negatif,Benar
darimana ide bbm campur etanol saing spbu swasta saing sehat harus pertamina tingkat kualitas bbmnya bukan malah turun kualitas bbm rakyat paksa pakai bbm pertamina jelek,Negatif,Negatif,Benar
pantesan motor aing brebet anjing gara gara bbm campur etanol uasuuu,Negatif,Negatif,Benar
tuntut spbu sebut pertamina perintah bidang esdm bumn presiden ri tuntut bijak bbm campur etanol sebut batal tuntut pecat,Negatif,Negatif,Benar
ngapain campur air perlu bukti etanol campur bbm jadi air biang kerok air sebut bikin motor brebet akibat bbm campur etanol,Negatif,Negatif,Benar
abis ngisi bensin full tank brebet gin tinggal indo etanol bagus kalau kualitas bbm pertamina bagus pak lil kualitas pokokknya tai benerin dulu baru inovasi,Negatif,Negatif,Benar
mau tambah kalau etanol sifat hidroskop air tercamput bbm mungkin besar jadi memang hulu porcessing buruk handling hingga storaging akumulatif inti bodoh mau oplos bbm pake etanol kalau paham kerja kimiawi,Negatif,Negatif,Benar
gara gara etanol energi per liter lebih kecil bbm murni jumlah liter sama bbm campur jarak tempuh jelas lebih pendek mbok harga bbm rangin kalau harga sama jarak tempuh lebih pendek boncos,Negatif,Negatif,Benar
bbm indonesia pusat oplos etanol makelar impor pertamina daerah oplos minyak sumur ilegal usaha spbu sama sama giat beking aparat setor pimpin bangsat,Negatif,Negatif,Benar
makanya pertamina kalau gak buat bbm kualitas tutup kasih bbm asing udah harga mahal kualitas buruk tambah etanol segala hancur lebur udah gitu bbm impor singapura bangsat sampah,Negatif,Negatif,Benar
gin bahan etanol mau jadi campur bbm bikin rusak kendara tipu asuuu bensin pertalulit celaka buang comberan,Negatif,Negatif,Benar
bukan jir tambah etanol kira bkin bbmnya reaksi sama besi pdhl bbm tangki ngasilin air segitu banyak bayangin gimana cape mesin build buat ngeluarin residu gituan busi bakar salur bbmnya sumbat besi,Negatif,Negatif,Benar
bijak negara sering bikin susah rakyat lahir ego politik visi ambisius analisis risiko matang kasus etanol campur bbm niat hemat impor ramah lingkung mulia infrastruktur pertamina siap malah picu harga naik rusa,Negatif,Negatif,Benar
ngotot nyampurin etanol bbm resin dulu infrastruktur pertamina kayak maksa orang minum obat cacing padahal demam salah sasar salah timing jelas bukan solusi bukti bijak indonesia selalu lahir ego bukan nalar,Negatif,Negatif,Benar
pilih buat rakyat kalau kouta impor kemudian harga bbm naik kalau etanol resiko kendara motor brebet,Negatif,Negatif,Benar
aseekk ana kancane gasss jangan kasih bbm etanol yak sajuma motor alim,Negatif,Negatif,Benar
jangan buta tuli benerin kwalitas kemarin pertamax rasa pertalite sekarang perlite etanol satu satu jdi usaha sedia bbm malah amatir maluuuuu aku bumn indonesia model ky gin,Negatif,Negatif,Benar
bahaya bbm campur etanol bukti video apa masyarakat percaya nyata menteri esdm kalau etanol campur bbm aman guna kendara kapan pertamina mau ubah,Negatif,Positif,Salah
kamu nggk baca berita putus pertamina sendiri campur etanol k bbm hingga kadar lebih harus efek k mesin motor,Negatif,Negatif,Benar
motor brebet mogok massal jatim kandung etanol bbm lebih persen,Negatif,Negatif,Benar
udah bukti kasus mesin rusak gara gara campur etanol ngegas maksa rakyat pakai bbm ber etanol ilmu bantah kenceng tanggung jawab enteng maaf jiaaah komisaris pertamina malah sibuk ngurusin mantan,Negatif,Negatif,Benar
tidak jujuran orang campur etanol bbm putus makna etanol campur bbm harus sebut efek semua mesin jenis kendara terima bbm oplos,Negatif,Negatif,Benar
motor brebet mogok massal jatim viral spbu swasta batal beli bbm pertamina campur etanol,Negatif,Negatif,Benar
solusi gin blin goblin stop campurin etanol bbm blog,Negatif,Negatif,Benar
ni perintah maksa banget bikin etanol padahal mesin kendara dukung buat bbm dicampurin etanol mikir perintah,Negatif,Negatif,Benar
negara kaya minyak bumi bukan ngembangin teknologi ngga impor bbm malah bikin etanol buat ngoplos pak maaf ngga waras,Negatif,Negatif,Benar
tolak bbm etanol pertamina,Negatif,Negatif,Benar
video mulai investigasi kasus kendara brebet mogok masal utama jatim bulan september spbu swasta batal beli bbm pertamina salah satu alas transparansi kena kandung etanol kemudian,Negatif,Negatif,Benar
rakyat beli kendara boleh legal olh negara negara dpt pajak beli kend tipe kend bs nrima etanol perintah mau ptg jual bbm ber etanol emg bajing kalian,Negatif,Negatif,Benar
prediksi ide senjata makan tuan siap bbm oplos etanol rusak citra spbu swasta siap atur spbu swasta wajib beli pertamina spbu swasta tolak pilih tutup bbm oplos etanol jual sendiri dilegalisir banyak kendara macet bbm,Negatif,Negatif,Benar
menteri suruh ajar dulu masalah tehnik mesin utama mesin sepeda mobil mungkin mesin sepeda mobil pakai bbm campur etanol lha u mesin sepeda mobil gak pakai bbm campur etanol gimana jangan disamaratakan,Negatif,Negatif,Benar
eh kalau amerika produsen motor mobil expand ffv pake etanol bahkan next indo produsen mobil motor bahkan nol bikin ffv kalau bbm dulu ganti rusa masal bodohh,Negatif,Negatif,Benar
lama lama makin goblok kamu grok etanol ngk bagus buat mesin suda riset kalau uda nyata arti jangka panjang rugi konsumen lihat kualitas bbm indo kemarin kemarin bikin mesin kendara rusak apa tambah etanol,Negatif,Negatif,Benar
kaji campur etanol dampak negatif kendara kalian jangan enak campur bbm pikir rugi milik kendara shell dkk mau beli bahan mentah etanol bawah kalian malah campur,Negatif,Negatif,Benar
sekarang ruwet masalah bbm jelek merah udah saat sekali nuntut pemda buat hadirin transum pusing rawatin kendara pribadi gara gara bijak tolol etanol,Negatif,Negatif,Benar
bener bilang etanol jelek cocok pakai campur bbm indonesia pabrik priduksi kendara indonesia kompatibel etanol cari untung buat mafia migas besar cara mudah murah,Negatif,Negatif,Benar
bijak potensi tambah beban rakyat konsumsi bbm naik akibat densitas energi etanol lebih rendah plus risiko korosi kendara lawas dominasi indonesia program modifikasi murah dpr ri lalu anggota ateng sutisna nevi,Negatif,Negatif,Benar
bengkel mulai rame byk motor ndet an karna etanol temen suami aku punya cabang bengkel semua rame semenjak bbm monopoli motor banyak mesin karat perintah jahat emang minimal kalau gamau punya saing baik kualitas bbmnya korup mulu,Negatif,Negatif,Benar
ngomong etanol abis kamu semua spbu swasta batal beli bbm pertamina dasar dungu,Negatif,Negatif,Benar
edar narasi mesia sosial kait bahan bakar minyak bbm etanol duga sebab tangki hingga busi karat baca lengkap na,Negatif,Negatif,Benar
edar narasi mesia sosial kait bahan bakar minyak bbm etanol duga sebab tangki hingga busi karat baca lengkap na,Negatif,Negatif,Benar
eh kuntoll etanol bagus bbm bagus tangki motor seal segala macem anyink,Negatif,Negatif,Benar
menteri energi sumber daya mineral esdm menep tuding sebut guna etanol campur bahan bakar minyak bbm rusak mesin kendara tuding balik isu sebut hembus pihak pihak kuota,Negatif,Negatif,Benar
kalau periksa sesuaindg tentu arti campur bbm etanol biang kerok banyak kendara mogok brebet kendara kompatibel etanol,Negatif,Negatif,Benar
etanol campur bbm rusak mesin kendara kadar tinggi misal kendara lama kompatibel dampak masuk korosi rusa seal karet turun efisiensi kendara modern biasa aman saran cek,Negatif,Negatif,Benar
bagus bbm bagus mesin motor salah etanol pakai mesin mobil masalah skr etanol bagus motor awal campur etanol laku reset,Negatif,Negatif,Benar
orang brengsex sekali padahal paksa spbu asing beli bbm lewat pertamina belum import sendiri penuh butuh langgan bbm kualitas bebas etanol kadar tinggi spbu asing pd stop hengkang konoha,Negatif,Negatif,Benar
atur perintah wajib kandung etanol semata mata buat positif kayak ngurangin polusi gantung minyak bumi justru buat matiin saing instan padahal kualitas bbm pertamina tanya,Negatif,Negatif,Benar
kasus besar abis korupsi besar lanjut kilang bakar tambah monopoli bbm nutup swasta bangga pake etanol impor padahal udah begini usa nunggu ancur ancur,Negatif,Negatif,Benar
gilaa pagi motor dadak mati jalan bbm etanol anjing,Negatif,Negatif,Benar
india target etanol bbm as umum pakai dua negara lapor rupa soal motor mogok masalah engine akibat etanol serap air korosi rusak karburator motor lama kendara modern lebih tahan isu tetap,Negatif,Negatif,Benar
jabat negara mulai isi bbm etanol kamu efek gimana makan kalian keluarga mbg kalian rasa gimana kalian keluarga wajib obat pake bpjs kalian rasa gimana kalian wajib makan beras raskin rasa,Negatif,Negatif,Benar
gara gara tri nyuru campur etanol sblm resmiin trial dulu efek bikin mesin rusak apa engga rugi ngisi bbm pertemina,Negatif,Negatif,Benar
menteri energi sumber daya mineral esdm menep tuding sebut guna etanol campur bahan bakar minyak bbm rusak mesin kendara baca lengkap am,Negatif,Negatif,Benar
akibat main monopoli bensin lanjur impor bbm akibat campur etanol gak beli akhir rakyat paksa beli habis stok bbm udah campur etanol,Negatif,Negatif,Benar
bikin penasaran tetep keukeuh isi etanol sebenernya siapa bakal pegang hak supply etanol pegang hqk supply zat warna bbm sekarang berani ungkap mafia anjjngg emang semua,Negatif,Negatif,Benar
serius etanol udah oplos bbm kalau iya orang mikir gimana indonesia punya ilmuawan teliti buat bijak kendara indonesia support buat bahan bakar etanol kocak udah main diterapin sengsara rkyt,Negatif,Negatif,Benar
bbm campur etanol mau rusak mesin turun bawah jangan terima lapor tedy melulu bosss,Negatif,Negatif,Benar
emang dasar tolol gak peduli sama masyarakat makan selalu maksa bilang kalau etanol masalah masuk bbm padahal banyak ahli suara etanol baik mesin kendara emang pangkas sini kantong pribadi,Negatif,Negatif,Benar
bbm jenis pertalite pertamina pasar mmg kualitas standar campur etanol air udara bahan aditif shg kandung gas sulfur tinggi sgt rugi konsumen dampak resiko rusa mesin tinggi jadi ulang dasar maling,Negatif,Negatif,Benar
bukan paksa hendak semua warga nurut pakai bbm etanol buat gak jelas cok,Negatif,Negatif,Benar
konfirmasi resmi pertamina tambah kadar etanol bbm rencana mandatori etanol baru laku pertamina klaim tak ganggu performa kendara keluh rupa lamongan surabaya duga campur,Negatif,Negatif,Benar
bagus buat bbm lebih bersih bakar lebih sempurna etanol korosif jadi bagus buat tank bbm kendara,Negatif,Negatif,Benar
rek bener akeh keluh motor anyar brebet mogok ing jatim sawise isi pertalite akhir akhir iki duga saka masalah kualitas bbm kontaminasi ora mung etanol pertamina investigasi lan buka posko nanging umume aman kanggo motor modern post miturut pakar,Negatif,Negatif,Benar
rek akhir akhir iki akeh keluh motor brebet lan mogok ing jatim sawise isi pertalite duga amarga kualitas bbm sing ganggu mungkin campur etanol utawa kontaminasi liyane pertamina investigasi lan uji lab sampel saran ganti pertamax lan cek bengkel,Negatif,Negatif,Benar
bbm etanol brebet lol,Negatif,Negatif,Benar
apa fakta bbm campur etanol mesin rusak situ terang kena air loh coba latih jangan bias topik bahas,Negatif,Negatif,Benar
kendara rusak kena bbm etanol esdm bodo jalan bijak lihat kondisi mesin rakyat bukan isu spbu swasta nolak soal umur mesin,Negatif,Negatif,Benar
nyampur etanol bbm emang udah minta maaf tiba tiba maaf ciee,Negatif,Negatif,Benar
kalau pom mungkin oknum kalau banyak pom struktural qc awas udah bobrok itu kalau memang qualitas bbm jelek kemari batas campur etanol boleh seperti ckuuuuaaaakkkkks,Negatif,Negatif,Benar
tahu harga etanol lbh tinggi bensin bbm mahal lbh bagus bila tank air biasa lubang tap jorok etanol tarik air sebut pisah bensin vol air tambah vol bensin kurang akibat mogok boros,Negatif,Negatif,Benar
mau cari lahan jangan jangan gasak areal kebun dulu proyek etanol singkong rame hangat awal hilang proyek bbm jarak pagar rame awal warga ramai ramai tanam gak beli,Negatif,Negatif,Benar
kamu bikin ulah malah tanggung jawab kendara korban bbm oplos pake etanol udah sakit jiwa menteri kamu wo tiap hari bikin susah rakyat kerjaanya,Negatif,Negatif,Benar
denatured alcohol bahan bakar etanol bbm biasa anhydrous kadar air maksimal kurang sesuai standar astm d kalau hydrous air jarang pakai risiko korosi gantung regulasi negara,Negatif,Negatif,Benar
emang sengaja utus jkw lbp hancur pertamina mulai korupsi harga kilang minyak bakar bbm campur etanol air tuju hancur ekonomi rakyat perintah indonesia,Negatif,Negatif,Benar
oke bacot kamu bilang luar negri udah pake sekarang berani adu sampel bbm busuk pertamina ama bbm campur etanol luar,Negatif,Negatif,Benar
kamu teknik mesin mesin tong makanya aku tanya banyak ngeluh pakai pertamina kamu bilang kalau pajero sama beat harus aman banyak ngeluh kalau tweet kamu fokus bbm etanol dulu udah pake,Negatif,Negatif,Benar
alih campur etanol padahal air sisi semua mesin kendara guna etanol perintah makin ruwet kaya bbm entah raib global saling saing ciptain kendara bahan bakar hidrogen sibuk nyusahin rakyat bbm,Negatif,Negatif,Benar
simpel analisanya min lebih mahal aditif bahan bakar teknologi kualitas bbm aditif sifat etanol sbagian fungsi aditif etanol kmungkinan dipake plat merah sbagai aditif,Negatif,Negatif,Benar
runut nyata pihak spbu swasta batal ambil kuota bbm pertamina kandung etanol tinggi amin sama soal guna campur etanol ambil simpul siapa main oplos awal tak perlu main drama emg rusak dlm,Negatif,Negatif,Benar
pola ngoplos bbm fix laku pertamina rekomendasi jangan oplos etanol oplos air biasa video sebut test klu air sebut bkn ethanol air biasa,Negatif,Negatif,Benar
klu kendara baru etanol ngak masalah buat kendara lama etanol bikin kores tangki rudak kendara ngadat tenaga trntu boros pakai bbm benah dulu regulasi rugi semua pihak,Negatif,Negatif,Benar
busa tangki tampung bbm spbu salur keropos kena zat aditif etanol musim ujan gin tangki kena rembes air hujan tanah,Negatif,Negatif,Benar
buat motor rusak etanol bbm silah minta ganti rugi,Negatif,Negatif,Benar
nama pertamina mau permak kayak apa makin jombrot curiga jangan pertamina laku coba bbm campur etanol gagal akibat motor makek pertalite kelinci coba,Negatif,Negatif,Benar
shell kapan yaaa stok bbm jujur rodok males isi nang pro zionist service tugas kurang ramah gak kayak shell yaudah mau gamau mesin motor lama lama rusak kena etanol,Negatif,Negatif,Benar
pak bbm keliatas jalas banyak masalah bapak diam ajh bukan bbm pak campur air etanol produksu kendara batas pak da jelas tidak salah jangan diam ajh pak tegak lurus pak,Negatif,Negatif,Benar
viral bbm campur etanol bikin mesin cepat rusak i via,Negatif,Negatif,Benar
ngomong kyk gin mobil pk bbm oplos pk etanol,Negatif,Negatif,Benar
benarr karna buat pabrik sendiri memberitahukan customer buku manual kait tambah bbm kandung etanol mempengatuhi kerja mesin motor,Negatif,Negatif,Benar
pertamina tambah kadar etanol bbm banyak keluh kendara brebet mogok minggu,Negatif,Negatif,Benar
benar benar etanol bagua bbm tepat etanol buruk mesin kendara,Negatif,Negatif,Benar
seperti banyak bincang bukan bbm pak mesin kendara uji guna etanol sendiri bukti kalau etanol bermalasah mesin sendiri,Positif,Negatif,Salah
memang nyata etanol bagus bbm pidato kutip video golkar sebut etanol pakai as brasil kurang impor cipta lapang kerja,Positif,Positif,Benar
kalau logika pakai sistem aspal jalan sama loh bayar mahal aspal jalan jalan cepat lubang nilai sosial banyak loh bikin bengkel laris bbm campur etanol tengok jatim banyak bengkel makmur siapa tuju beliau,Positif,Negatif,Salah
menteri energi sumber daya mineral esdm menep tuding guna etanol campur bahan bakar minyak bbm rusak mesin kendara tuding balik isu sebut hembus pihak pihak kuota impor pangkas,Positif,Negatif,Salah
makasih info sangat manfaat motor kena bbm etanol,Positif,Negatif,Salah
pertamina bidik peluang etanol persen lebih murah bensin yuk simak pemgalaman brasil sukses etanol sbg bbm,Positif,Positif,Benar
bbm nabati kayak pure etanol etanol buat tebu jagung emisi gas buang tetap cukup rendah bbm fosil kalau mau terap bbm motor ganti part tahan sama etanol,Positif,Negatif,Salah
konsumen campur etanol untung kurang emisi tingkat oktan performa mesin lebih baik potensi harga bbm lebih stabil produksi lokal tebu kembang,Positif,Negatif,Salah
rek etanol umume aman kanggo kendara modern ing indonesia amarga perintah nyatakake kendara nahan nganti,Positif,Positif,Benar
good kasih bbm oplos full etanol,Positif,Negatif,Salah
selesai masalah etanol banyak respon positif bbm bobibos kata temu anak bangsa,Positif,Positif,Benar
ajak bos toyota wamen investasi ajar bbm etanol jepang,Positif,Negatif,Salah
jatah bbm etanol nich v,Positif,Negatif,Salah
bobibos ambil sempat ramai isu etanol bbm bakal makan omong sendiri pinter momentum buat launching,Positif,Negatif,Salah
bbm etanol mulai menteri atr bpn nusron wahid umum lahan eks hgu tanah lantar siap guna,Positif,Negatif,Salah
etanol bukan bbm biasa simbol tahan kunci mandiri energi indonesia masa depan bangun sama klik paham peran strategis,Positif,Negatif,Salah
bbm pertamina etanol makin laris bukti,Positif,Negatif,Salah
bbm campur etanol baik guna segera hindar serap air sebab pisah fase rusa mesin simpan lama lebih bulan parkir panjang guna stabilizer bahan bakar isi tangki penuh ganti bbm,Positif,Negatif,Salah
kalian laku riset uji layak soal bbm campur etanol alhamdulillah makin rame rela antri drpd beli bensin pertamina,Positif,Positif,Benar
selalu mahal brasil etanol fermentasi tebu kompetitif harga bbm fosil us per liter berkat skala produksi besar efisiensi tinggi modal awal memang tinggi fermentasi distilasi infrastruktur biaya operasional,Positif,Positif,Benar
semua bioetanol waktu masuk kemarin marah soal campur etanol bbm produksi pertamina,Positif,Negatif,Salah
x kumpul lsm ngaku sok pinter bloon contoh bobilblos kata modal murah spiritus sama etanol fermentasi tumbuh modal mahal bbm fermentasi tumbuh murah bukankah,Positif,Negatif,Salah
benar umum bensin pertamina pertamax rancang aman mesin standar klaim rusa sering hoaks bbm oplos campur etanol lebih korosi mesin lawas guna spbu resmi hindar risiko sumber pertamina,Positif,Positif,Benar
kata mobil keluar thn atas ngga masalah campur etanol lagi kata hasan nasbi biarpun bioetanol tpi bbm model pertalite tetap mungkin batas kuota,Positif,Positif,Benar
bobibos bbm nabati fer tas jerami padi hasil bioetanol etanol umum tebu jagung alkohol c h bahan bakar beda bobibos khusus limbah indonesia lebih ramah lingkung tenaga mobil lebih kuat emisi nol,Positif,Positif,Benar
kalau etanol bagus pemerntah gak perlu impor etanol buat campur bbm pemrentah sendiri mau bikin campur bbm pakek etanol etanol sendiri lahan buat nanem bahan baku cari ama nusron,Positif,Negatif,Salah
bobibos memang okey perlu kembang saing bbm campur etanol,Positif,Negatif,Salah
bobibos etanol sama kmrn gaduh d pertamina aman ngga perlu kaji dalam tunjuk cm batas demo efek jangka panjang pakai bbm sifat ikat air thd mesin injektor tangki bahan besi,Positif,Positif,Benar
bbm plastik lalu proses pirolisis biasa hasil hidrokarbon mirip solar bensin bukan etanol etanol asal fermentasi bahan nabati tebu jagung bukan plastik maksud biofuel bobibos jerami,Positif,Positif,Benar
meski kimia identik etanol produksi jagung kedelai etanol selulosa milik kandung energi bersih tiga lebih tinggi banding etanol jagung hasil emisi gas rumah kaca jauh lebih rendah,Positif,Negatif,Salah
bbm bobibos biofuel nabati limbah jerami padi klaim punya emisi nyaris nol buat anak bangsa riset tahun teknis biofuel jenis mirip etanol pakai mesin bensin konvensional sering butuh blending,Positif,Positif,Benar
kamu maksud bbm krena bbm bobibos etanol bahkan lebih tinggi kadar,Positif,Negatif,Salah
suzuki klaim satria pro aman pakai bbm etanol syarat,Positif,Positif,Benar
masalah tangki fuel rail lama produsen bbm berani jamin grade etanol base fuel kualitas atas masalah,Positif,Negatif,Salah
bijak campur etanol bbm sebut potensi tingkat dapat tani singkong tebu hingga puluh juta per hektare minta bahan baku naik sejahtera tani ikut dorong,Positif,Positif,Benar
harga tebu singkong naik dapat tani ikut dongkrak berkat bijak etanol bbm,Positif,Positif,Benar
tani makin sejahtera bijak campur etanol bbm minta singkong tebu tingkat pesat,Positif,Positif,Benar
standar ganda kaum haters kalian dukung bbm bobibis pdahal biofuel tanam guna lsg kendara hemat energi ramah lingkung jerami kadar etanol mirip proses buat bir,Positif,Positif,Benar
campur etanol maksud riset udah lama bukti,Positif,Negatif,Salah
turun oktan etanol blending value jadi campur bbm campur bensin beroktan rendah misal proporsi tentu contoh etanol base gasoline rendah hasil uji lab perlu,Positif,Positif,Benar
benar biofuel full bahan nabati bobibos memang cenderung punya kandung etanol lebih tinggi banding bbm konvensional campur fosil etanol tanam boost oktane tambah kimia berat bikin emisi lebih rendah,Positif,Negatif,Salah
tim riset nasional pasti bobibos bbm etanol penuh standar uji kompatibilitas sistem bahan bakar lama bulan,Positif,Negatif,Salah
nusron kasih amran juta ha lahan program bbm etanol,Positif,Negatif,Salah
amat nilai porsi etanol bbm tambah anggar alokasi tempat,Positif,Negatif,Salah
biosolar mesin biodiesel kalau diesel bbm organik biosolar campur b full bbm minyak sawit beda kak sama biofuel kalau biofuel kandung etanol jauh arah baru mesin balap kaya f,Positif,Negatif,Salah
bbm pertamina pakai etanol hujat bobibos salah satu bahan utama etanol puji,Positif,Negatif,Salah
kenal etanol unggul bahan campur bbm,Positif,Negatif,Salah
toyota siap tanam modal dukung program bbm indonesia,Positif,Negatif,Salah
pertamina dukung bijak gun etanol bbm,Positif,Negatif,Salah
kaidah guna bbm campur etanol indonesia liput pasti kompatibilitas kendara aman mobil modern pascatahun an cek manual pabrik hindar mesin lama non otomotif genset risiko korosi simpan,Positif,Positif,Benar
menteri esdm tegas etanol aman indonesia siap terap bbm,Positif,Positif,Benar
gabung industri kendara motor indonesia gaikindo minta masyarakat khawatir rencana mandatori campur etil alkohol etanol bbm alias bioetanol besar persen sekretaris umum gaikindo kukuh mara sebut bioetanol,Positif,Negatif,Salah
bukan gegara etanol punya usaha minyak bbm tolol,Positif,Negatif,Salah
pertamina pakai campur etanol wah goblok pertamina motor aku rusak gara pakai bbm pertamina bobibos baham baku tanam etanol mantap karya anak bangsa bikin pertamina bangkrut pe pertamina ketawa lihat kelakuam netizen,Positif,Negatif,Salah
bbm buat anak bangsa ramah lingkung bbm campur etanol menteri esdm harus lebih fokus bbm bobibos bahan bakar original buat indonesia bos beri sempat anak bangsa kembang dhinda pangku uninstallstockbit jumat udaaaah bang vonismkd,Positif,Positif,Benar
pasar perlahan pindah pasti ntah produsen kendara sesuai bahli ngomong tahun depan bbm wajib kendara indoensia kain persen nerima etanol metanol,Positif,Negatif,Salah
benar bbm nabati bioetanol misal pertamax green punya kandung etanol hingga lebih tinggi bbm standar indonesia biasa perintah rencana lebih ramah lingkung,Positif,Positif,Benar
pertamax turbo pertamina bensin aditif performa tinggi resmi kandung air pertamina sangkal kontaminasi air bbm dasar tes baru etanol campur hingga beberapa varian pertamina bagi,Positif,Negatif,Salah
pakar universitas indonesia sebut campur ethanol bbm lazim aman guna kandung persen etanol indonesia rusak mesin lama sistem distribusi simpan jaga baik,Positif,Negatif,Salah
benar wajib etanol sejak kapan nyata etanol kata jagung masalah kasih ampas mesin suling gimana kata bbm tanam bagus lebih bagus air tanam tebang nanam,Positif,Positif,Benar
mau bilang sehat sehat perintah khusus orang ngide nyampur etanol bbm stay safe kalian jangan racing racing dulu,Positif,Negatif,Salah
lini motor baru royal enfield indonesia siap guna bbm milik kandung etanol persen,Positif,Negatif,Salah
bbm bobibos klaim biofuel tanam lokal indonesia singkong tanam nabati lalu proses fermentasi konversi katalitik bukan etanol cara kerja mirip biofuel canggih detail riset memang proprietary,Positif,Negatif,Salah
padahal kata mau bikin etanol banyak buat dicampurin bbm,Positif,Positif,Benar
tenang jenis kendara aman pakai bbm campur etanol,Positif,Positif,Benar
belakang muncul keluh soal pertalite sebut bikin motor mogok mbrebet publik ramai opini mulai bentuk bagaimana fakta ingat bukan semua info viral benar cek fakta dulu panik,Positif,Negatif,Salah
tiga lebih baur bbm etanol,Positif,Negatif,Salah
eee taa sebut bbm biofuel bioetanol bener teori ramah lingkung bener tinggi emang khasiat dri etanol kayak rencana mau campur sama pak tri,Positif,Positif,Benar
fungsi etanol bbm kesiap motor indonesia hadap biofuel,Positif,Negatif,Salah
masuk masuk bbm campur etanol,Positif,Negatif,Salah
tenang jenis kendara aman pakai bbm campur etanol,Positif,Positif,Benar
waktu bbm plat merah studi banding tangki kendara campur bensin swasta etanol etanol tanya kwalitas lebih baik padahal sekarang semua sumber sama harus aku kalian,Positif,Positif,Benar
banyak nyinyir soal etanol bbm padahal shell vivo pakai etanol sejak lama etanol bukan racun buat mesin justru bikin bakar lebih bersih emisi lebih rendah ramah lingkung,Positif,Positif,Benar
bbm etanol langkah hijau masa depan energi indonesia asal kualitas transparansi edukasi jalan imbang memang apa kunci sukses yuk cek infografis transisi energi enggak wacana,Positif,Negatif,Salah
bensin ditambahin etanol padahal pertamina sendiri bbm udah tambah etanol,Positif,Positif,Benar
anggota komisi vii dpr ri pasti bbm campur etanol aman guna publik tegas kandung sembunyi pertamax green pertamina transparan campur bioetanol,Positif,Positif,Benar
asli ujicoba etanol campur bbm kak bukan konsumsi rasah muluk muluk bismillah kasubdit gakkum esdm,Positif,Negatif,Salah
oke bang kata kamu gua kaga pernah sekolah kasih gua insight bbm swasta bukan pengaruh cuman hypercar supercar kalau bahas etanol memang ln etanol bukan baru,Positif,Positif,Benar
iki bukane nyebokin seperti perkara bbm etanol goreng partai oposisi neng amerika wae etanol neng brasil malah ono jenis bahan bakar sing etanol murni,Positif,Positif,Benar
bbm udah tambah etanol motor bs makan bbm,Positif,Negatif,Salah
regulasi bahan baku bbm etanol sebenernya diterapin lama etanol ikat air btw hasil,Positif,Negatif,Salah
nalar dahh kalau emang etanol bbm ramah lingkung ngapain hrs campur jual ethanol siapa sehh bodoo,Positif,Positif,Benar
presiden prabowo dorong tani pahlawan energi lewat etanol bbm,Positif,Positif,Benar
bukan barang baru bbm etanol laku india kanada as yk simak,Positif,Negatif,Salah
bogor mulai hari spbu akr sedia bbm non subsidi campur etanol,Positif,Negatif,Salah
tani ikut maju bumi sehat impi makin nyata semenjak bbm pakai etanol,Positif,Positif,Benar
presiden prabowo dorong tani pahlawan energi lewat etanol bbm,Positif,Positif,Benar
etanol memang temu beberapa jenis bbm tindak bawa cair sendiri klaim bukti spbu sesat simpul penting tunggu investigasi resmi bukti jelas,Positif,Negatif,Salah
indonesia maju bareng tani bumi lewat etanol bbm langkah cerdas prabowo,Positif,Positif,Benar
bbm etanol hasil manfaat ganda tani untung lingkung selamat,Positif,Positif,Benar
bbm etanol solusi masa depan buat indonesia mandiri tani makin hormat,Positif,Positif,Benar
tani punya harap baru lewat bijak bbm etanol indonesia makin kuat energi,Positif,Positif,Benar
etanol bbm mesin aman kendara nyaman lingkung doyan,Positif,Positif,Benar
ah tinggal bagaimana perushaan otomotif sesuai produk bukti luar negeri pakai etanol kalau memang komitmen cinta lingkung justru harus dukung pakai etanol bbm,Positif,Positif,Benar
dasar info baru bbm sumber pertamina mungkin kandung etanol pertamax green regulasi izin hingga pakar bilang aman kendara tak pengaruh performa mesin keluh brebet lebih banyak pertalite,Positif,Positif,Benar
pertamina campur etanol bbm kurang emisi karbon gantung impor bensin juta ton tahun cipta lapang kerja produksi etanol bas tebu singkong rencana mulai transisi energi bersih,Positif,Positif,Benar
dukung full buat bbm etanol keren,Positif,Negatif,Salah
bbm etanol punya potensi besar banyak tantang produksi rantai pasok perlu benah yuk bahas bareng gimana indonesia wujud energi hijau kompromi lingkung,Positif,Positif,Benar
dukung bbm etanol maju indonesia,Positif,Negatif,Salah
gajuga bang rebet melulu soal bbm motor kamu kerusaka sama seal tutup tank dalam tank masuk air cek buka tank pagi hari lihat tutup tank tetes air kalau adaa arti sebab etanol baru keluar,Positif,Negatif,Salah
bijak blending etanol rancang hemat impor hingga ratus juta dolar lindung tani tebu impor bebas tarif belum dampak konsumsi bbm memang turun efisiensi catat naik harga signifikan rugi massal bpkn saran uji coba,Positif,Positif,Benar
bijak batas impor etanol bebas tarif lindung tani tebu lokal rugi signifikan catat malah potensi hemat devisa hingga miliar dolar kurang impor aromatik naik harga bbm prediksi minimal tak ganggu performa kendara,Positif,Positif,Benar
etanol bbm solusi energi support penuh,Positif,Negatif,Salah
suka program bbm campur etanol go green,Positif,Negatif,Salah
bbm campur etanol langkah progresif tuju banget,Positif,Negatif,Salah
love this jempol buat bbm etanol,Positif,Negatif,Salah
banyak takut pakai bbm etanol kata bikin mesin korosi boros apa benar yuk cek fakta bbm kanal kultura,Positif,Positif,Benar
nyata etanol bagus bbm benar umum etanol campur hingga brasil as kurang emisi gantung fosil meski energi lebih rendah sedikit indonesia sedang kembang bioetanol kelapa sawit transisi,Positif,Positif,Benar
nyata benar etanol bagus bbm utama kurang impor minyak emisi indonesia rencana campur etanol brasil tantang energi lebih rendah potensi masalah mesin tak sesuai,Positif,Positif,Benar
titik akhir proses bbm hasil etanol jadi induksi baik gerak motor power xixixi,Positif,Negatif,Salah
vietnam pakai bbm campur etanol bully,Positif,Negatif,Salah
mekanik bahagia ratinh beli busi baru meningkt bbm campur etanol,Positif,Negatif,Salah
nyata etanol buruk bbm umum benar campur sukses terap as brasil eropa kendara modern kurang emisi impor minyak indonesia rencana terap tahap hingga timbang,Positif,Positif,Benar
simpul ban etanol bagus bbm sebut pakai banyak negara rencana indonesia mulai kurang impor cipta lapang kerja ahli sebut turun efisiensi risiko korosi mesin,Positif,Negatif,Salah
investor global ramai ramai lirik ri bbm campur etanol daya tarik baru,Positif,Negatif,Salah
campur etanol pertalite mulai tuju kurang impor bbm dorong produksi bioetanol lokal tebu tekan emisi karbon sesuai riset global as brasil sukses terap ganggu mesin modern post kurang utama kandung,Positif,Positif,Benar
ri siap bbm campur etanol brazil mitra strategis energi baru menteri esdm,Positif,Negatif,Salah
ungkap bijak bensin campur etanol penuh rencana kurang impor bbm,Positif,Positif,Benar
tahu kamu mulai tahun bahan bakar indonesia kandung etanol kenal langkah bukan sekadar ubah bahan bakar transformasi tuju energi hijau ramah lingkung,Positif,Positif,Benar
wih kendara nyata mampu isi bbm campur etanol,Positif,Negatif,Salah
